<npc name="A Prisoner" script="data/npc/scripts/Thais/A Prisoner.lua" floorchange="0" walkinterval="1500" speed="100">
	<health now="100" max="100"/>
	<look type="130" head="81" body="40" legs="55" feet="94"/>
	<parameters>
<parameter key="idletime" value="60"/>
<parameter key="message_greet" value="Huh? What? I can see! Wow! A non-mino. Did they capture you as well?"/>
<parameter key="message_placedinqueue" value="Not much space right here. Hehe. I haven't had a visitor for some time and right now there are two! Hehehe! Great!"/>
<parameter key="message_walkaway" value="Next time we should talk about my surreal numbers."/>
<parameter key="message_farewell" value="Next time we should talk about my surreal numbers."/>
<parameter key="message_idletimeout" value="Next time we should talk about my surreal numbers."/>
	</parameters>
</npc>
