<npc name="A Sweaty Cyclops" script="data/npc/scripts/Ab'Dendriel/A Sweaty Cyclops.lua" floorchange="0" walkinterval="1500" speed="100">
	<health now="100" max="100"/>
	<look type="22" head="0" body="0" legs="0" feet="0"/>
	<parameters>
<parameter key="idletime" value="30"/>
<parameter key="message_greet" value="Hum Humm! Welcume lil' |PLAYERNAME|."/>
<parameter key="message_placedinqueue" value="|PLAYERNAME| waits. Me talks."/>
<parameter key="message_walkaway" value="Hum Humm."/>
<parameter key="message_farewell" value="Good bye lil' one."/>
<parameter key="message_idletimeout" value="Good bye lil' one."/>
<parameter key="message_alreadyfocused" value="?"/>
	</parameters>
</npc>
