<npc name="Albert" script="data/npc/scripts/Edron/Albert.lua" floorchange="0" walkinterval="1500" speed="100">
	<health now="100" max="100"/>
	<look type="130" head="78" body="0" legs="49" feet="95"/>
	<parameters>
<parameter key="message_placedinqueue" value="Please wait a moment, |PLAYERNAME|."/>
<parameter key="message_walkaway" value="If you are heavily wounded or poisoned, feel free to return for a healing."/>
<parameter key="message_farewell" value="Good bye, |PLAYERNAME|!"/>
<parameter key="message_idletimeout" value="If you are heavily wounded or poisoned, feel free to return for a healing."/>
	</parameters>
</npc>
