<npc name="Aneus" script="data/npc/scripts/Carlin/Aneus.lua" floorchange="0" walkinterval="1500" speed="100">
	<health now="100" max="100"/>
	<look type="129" head="0" body="50" legs="58" feet="116"/>
	<parameters>
<parameter key="message_greet" value="Greetings adventurer |PLAYERNAME|. What leads you to me?"/>
<parameter key="message_placedinqueue" value="One moment please, |PLAYERNAME|."/>
<parameter key="message_walkaway" value="Good bye and take care!"/>
<parameter key="message_farewell" value="Good bye and take care of you!"/>
<parameter key="message_idletimeout" value="Good bye and take care of you!"/>
	</parameters>
</npc>
