<npc name="Angelina" script="data/npc/scripts/Kazordoon/Angelina.lua" floorchange="0" walkinterval="1500" speed="100">
	<health now="100" max="100"/>
	<look type="136" head="57" body="79" legs="98" feet="95"/>
	<parameters>
<parameter key="message_greet" value="The gods must be praised that I am finally saved."/>
<parameter key="message_placedinqueue" value="Please wait."/>
<parameter key="message_walkaway" value="May the gods bless you."/>
<parameter key="message_farewell" value="May the gods bless you."/>
<parameter key="message_idletimeout" value="May the gods bless you."/>
	</parameters>
</npc>
