<npc name="Angus" script="data/npc/scripts/Port Hope/Angus.lua" autowalk="25" floorchange="0" access="5" level="1" maglevel="1">
	<health now="150" max="150"/>
	<look type="133" head="57" body="113" legs="95" feet="113" corpse="2212"/>
	<parameters>
		<parameter key="message_greet" value="Greetings, what can I do for you?" />
		<parameter key="message_farewell" value="Good bye." />
		<parameter key="message_walkaway" value="How rude!" />
		<parameter key="message_placedinqueue" value="Please wait a moment." />
	</parameters>
</npc>