<npc name="Baxter" script="data/npc/scripts/Thais/Baxter.lua" floorchange="0" walkinterval="1500" speed="100">
	<health now="100" max="100"/>
	<look type="131" head="96" body="29" legs="29" feet="115"/>
	<parameters>
<parameter key="idletime" value="30"/>
<parameter key="message_greet" value="LONG LIVE KING TIBIANUS!"/>
<parameter key="message_placedinqueue" value="Cant you see I am busy, eh?!."/>
<parameter key="message_walkaway" value="What a lack of manners!"/>
<parameter key="message_farewell" value="LONG LIVE THE KING!"/>
<parameter key="message_idletimeout" value="LONG LIVE THE KING!"/>

<parameter key="message_decline" value="Come on. Don't waste my time with your jests."/>
<parameter key="message_nothaveitem" value="Look like it wasn't as dead as you thought ... it's gone."/>
	</parameters>
</npc>
