<npc name="Bertha" script="data/npc/scripts/Svargrond/Bertha.lua" floorchange="0" walkinterval="1500" speed="100">
	<health now="100" max="100"/>
	<look type="140" head="57" body="61" legs="116" feet="57"/>
	<parameters>
<parameter key="idletime" value="30"/>
<parameter key="message_greet" value="Greetings |PLAYERNAME|. Looking for a trade, I hope. Business is not going well."/>
<parameter key="message_placedinqueue" value="Hold on, |PLAYERNAME|, you're next in line."/>
<parameter key="message_walkaway" value="Bye |PLAYERNAME|."/>
<parameter key="message_farewell" value="Bye |PLAYERNAME|."/>
<parameter key="message_idletimeout" value="Bye |PLAYERNAME|."/>

<parameter key="message_decline" value="Maybe next time."/>
<parameter key="message_nothaveitem" value="Sorry, you do not have so much."/>
<parameter key="message_needmoremoney" value="Come back, when you have enough money."/>
	</parameters>
</npc>
