<npc name="Blind Orc" script="data/npc/scripts/Rookgaard/Blind Orc.lua" floorchange="0" walkinterval="1500" speed="100">
	<health now="100" max="100"/>
	<look type="5" head="0" body="0" legs="0" feet="0"/>
	<parameters>
<parameter key="message_greet" value="Ikem Charach maruk." />
<parameter key="message_farewell" value="Futchi!" />
<parameter key="message_walkaway" value="Futchi"/>
<parameter key="message_idletimeout" value="Futchi"/>
<parameter key="message_alreadyfocused" value="??"/>
	</parameters>
</npc>