<npc name="Bonifacius" script="data/npc/scripts/Edron/Bonifacius.lua" floorchange="0" walkinterval="1500" speed="100">
	<health now="100" max="100"/>
	<look type="128" head="59" body="82" legs="58" feet="95"/>
	<parameters>
<parameter key="idletime" value="30"/>
<parameter key="message_greet" value="Thousands greetings, |PLAYERNAME|. How may I help you?"/>
<parameter key="message_placedinqueue" value="I am deeply sorry, I am busy right now. I'll tell you when I'm done |PLAYERNAME|."/>
<parameter key="message_walkaway" value="May the gods bless your travels."/>
<parameter key="message_farewell" value="May the gods bless your travels."/>
<parameter key="message_idletimeout" value="May the gods bless your travels."/>

<parameter key="message_decline" value="Don't you like my wares?."/>
<parameter key="message_needmoremoney" value="Oh, I'm sorry, but I can't give you credit."/>
	</parameters>
</npc>
