<npc name="Borkas" script="data/npc/scripts/Venore/Borkas.lua" floorchange="0" walkinterval="1500" speed="100">
	<health now="100" max="100"/>
	<look type="128" head="77" body="43" legs="38" feet="76"/>
	<parameters>
<parameter key="idletime" value="30"/>
<parameter key="message_greet" value="Hey |PLAYERNAME|, what'cha want?"/>
<parameter key="message_placedinqueue" value="Hey, |PLAYERNAME|. Would ya mind not interruptin'? Thanks."/>
<parameter key="message_walkaway" value="Yeah, sod off..."/>
<parameter key="message_farewell" value="Thanks and see ya."/>
<parameter key="message_idletimeout" value="Thanks and see ya."/>
	</parameters>
</npc>
