<npc name="Bozo" script="data/npc/scripts/Thais/Bozo.lua" floorchange="0" walkinterval="1500" speed="100">
	<health now="100" max="100"/>
	<look type="128" head="86" body="93" legs="82" feet="79"/>
	<parameters>
<parameter key="idletime" value="30"/>
<parameter key="message_placedinqueue" value="Wait and listen to my jokes, I am sooooo funny!"/>
<parameter key="message_walkaway" value="How did he do that??"/>
<parameter key="message_farewell" value="Remember: A joke a day keeps the ghouls away!"/>
<parameter key="message_idletimeout" value="Remember: A joke a day keeps the ghouls away!"/>
	</parameters>
</npc>
