<npc name="Buddel" script="data/npc/scripts/Svargrond/Buddel.lua" floorchange="0" walkinterval="0" speed="0">
	<health now="100" max="100"/>
	<look type="143" head="19" body="57" legs="22" feet="20" addons="0"/>
	<parameters>
<parameter key="message_greet" value="Yoho |PLAYERNAME|, where would you like to go?"/>
<parameter key="message_placedinqueue" value="Hold your horses, |PLAYERNAME|. I'll be with you in a minute."/>
<parameter key="message_walkaway" value="Good bye. Recommend me, if you were satisfied with my service."/>
<parameter key="message_farewell" value="Good bye. Recommend me, if you were satisfied with my service."/>
<parameter key="message_idletimeout" value="Good bye. Recommend me, if you were satisfied with my service."/>
	</parameters>
</npc>
