<npc name="Captain Jack" script="data/npc/scripts/Carlin/Captain Jack.lua" floorchange="0" walkinterval="1500" speed="100">
	<health now="100" max="100"/>
	<look type="132" head="19" body="70" legs="95" feet="115"/>
	<parameters>
<parameter key="message_greet" value="Ahoy, matey. You are lucky to catch me here. I was preparing to set sail."/>
<parameter key="message_placedinqueue" value="One moment please."/>
<parameter key="message_walkaway" value="Good bye. You are welcome."/>
<parameter key="message_farewell" value="Good bye. You are welcome."/>
<parameter key="message_idletimeout" value="Good bye. You are welcome."/>
	</parameters>
</npc>
