<npc name="Carina" script="data/npc/scripts/Venore/Carina.lua" floorchange="0" walkinterval="1500" speed="100">
	<health now="100" max="100"/>
	<look type="138" head="97" body="70" legs="94" feet="76"/>
	<parameters>
<parameter key="idletime" value="30"/>
<parameter key="message_greet" value="Welcome, |PLAYERNAME|. I am looking forward to trade with you."/>
<parameter key="message_placedinqueue" value="Please, |PLAYERNAME|, give me another minute with our other customer first."/>
<parameter key="message_walkaway" value="Good bye."/>
<parameter key="message_farewell" value="Good bye."/>
<parameter key="message_idletimeout" value="Good bye."/>

<parameter key="message_decline" value="Perhaps next time."/>
<parameter key="message_needmoremoney" value="Sorry, make sure to come back, as soon as you have enough money."/>
	</parameters>
</npc>
