<npc name="Dalbrect" script="data/npc/scripts/Carlin/Dalbrect.lua" floorchange="0" walkinterval="1500" speed="100">
	<health now="100" max="100"/>
	<look type="128" head="40" body="37" legs="116" feet="76"/>
	<parameters>
<parameter key="message_greet" value="Be greeted, traveler."/>
<parameter key="message_placedinqueue" value="One moment please."/>
<parameter key="message_walkaway" value="Good bye. You are welcome."/>
<parameter key="message_farewell" value="Good bye. You are welcome."/>
<parameter key="message_idletimeout" value="Good bye. You are welcome."/>
	</parameters>
</npc>
