<npc name="Dane" script="data/npc/scripts/Carlin/Dane.lua" floorchange="0" walkinterval="1500" speed="100">
	<health now="100" max="100"/>
	<look type="136" head="79" body="58" legs="86" feet="96"/>
	<parameters>
<parameter key="idletime" value="30"/>
<parameter key="message_greet" value="Welcome to the wave cellar, |PLAYERNAME|."/>
<parameter key="message_placedinqueue" value="Just a minute, |PLAYERNAME|."/>
<parameter key="message_walkaway" value="Please come back from time to time."/>
<parameter key="message_farewell" value="Please come back from time to time."/>
<parameter key="message_idletimeout" value="Please come back from time to time."/>

<parameter key="message_decline" value="Maybe later."/>
<parameter key="message_needmoremoney" value="I am sorry, but you do not have enough copper."/>
	</parameters>
</npc>
