<npc name="Djinn Master" script="data/npc/scripts/djinn_master.lua" floorchange="0" walkinterval="0" speed="0">
	<health now="100" max="100"/>
	<look type="80" head="0" body="0" legs="0" feet="0"/>
	<parameters>
<parameter key="idletime" value="60"/>
<parameter key="message_greet" value="Sighs.. Another customer! I've only just sat down! What is it, |PLAYERNAME|?"/>
<parameter key="message_placedinqueue" value="Whoa, |PLAYERNAME|! Easy! I'm is busy right now!"/>
<parameter key="message_walkaway" value="Bye then."/>
<parameter key="message_farewell" value="Bye now. Visit me again one day!"/>
<parameter key="message_idletimeout" value="Bye now. Visit me again one day!"/>

<parameter key="message_decline" value="Well, obviously not."/>
<parameter key="message_nothaveitem" value="You do not have that many!"/>
<parameter key="message_needmoremoney" value="Well, come back if you have enough gold."/>
	</parameters>
</npc>
