<npc name="Donald McRonald" script="data/npc/scripts/Thais/Donald McRonald.lua" floorchange="0" walkinterval="1500" speed="100">
	<health now="100" max="100"/>
	<look type="128" head="41" body="94" legs="79" feet="76"/>
	<parameters>
<parameter key="idletime" value="30"/>
<parameter key="message_greet" value="Hello. How may I help you |PLAYERNAME|?"/>
<parameter key="message_placedinqueue" value="I am already talking to someone, |PLAYERNAME|. Please wait a moment."/>
<parameter key="message_walkaway" value="Good bye, |PLAYERNAME|."/>
<parameter key="message_farewell" value="Good bye."/>
<parameter key="message_idletimeout" value="Good bye."/>

<parameter key="message_decline" value="Ok."/>
	</parameters>
</npc>
