<npc name="Dove" script="data/npc/scripts/Venore/Dove.lua" floorchange="0" walkinterval="1500" speed="100">
	<health now="100" max="100"/>
	<look type="136" head="59" body="86" legs="106" feet="115"/>
	<parameters>
<parameter key="idletime" value="30"/>
<parameter key="message_greet" value="Be greeted, noble |PLAYERNAME|."/>
<parameter key="message_placedinqueue" value="Please wait a moment, |PLAYERNAME|."/>
<parameter key="message_walkaway" value="Come back soon, noble |PLAYERNAME|."/>
<parameter key="message_farewell" value="Come back soon, noble |PLAYERNAME|."/>
<parameter key="message_idletimeout" value="Come back soon, noble |PLAYERNAME|."/>
	</parameters>
</npc>
