<npc name="Edvard" script="data/npc/scripts/Edron/Edvard.lua" floorchange="0" walkinterval="1500" speed="100">
	<health now="100" max="100"/>
	<look type="128" head="59" body="115" legs="96" feet="95"/>
	<parameters>
<parameter key="idletime" value="30"/>
<parameter key="message_greet" value="Welcome to Edron Furniture Store, |PLAYERNAME|."/>
<parameter key="message_placedinqueue" value="One moment please, |PLAYERNAME|."/>
<parameter key="message_walkaway" value="Good bye."/>
<parameter key="message_farewell" value="Good bye."/>
<parameter key="message_idletimeout" value="Good bye."/>
	</parameters>
</npc>
