<npc name="Elvith" script="data/npc/scripts/Ab'Dendriel/Elvith.lua" floorchange="0" walkinterval="1500" speed="100">
	<health now="100" max="100"/>
	<look type="144" head="76" body="3" legs="0" feet="76"/>
	<parameters>
<parameter key="message_greet" value="Ashari |PLAYERNAME|."/>
<parameter key="message_placedinqueue" value="Wait |PLAYERNAME|."/>
<parameter key="message_walkaway" value="Asha Thrazi."/>
<parameter key="message_farewell" value="Asha Thrazi."/>
<parameter key="message_idletimeout" value="Asha Thrazi."/>

<parameter key="message_decline" value="Maybe you will buy it another time."/>
<parameter key="message_needmoremoney" value="Sorry, you do not have enough copper."/>
	</parameters>
</npc>
