<npc name="Emperor Kruzak" script="data/npc/scripts/Kazordoon/Emperor Kruzak.lua" floorchange="0" walkinterval="1500" speed="100">
	<health now="100" max="100"/>
	<look type="66" head="0" body="0" legs="0" feet="0"/>
	<parameters>
<parameter key="idletime" value="30"/>
<parameter key="message_greet" value="Hiho, may Fire and Earth bless you, my child."/>
<parameter key="message_placedinqueue" value="Please wait young child!"/>
<parameter key="message_walkaway" value="Gone, like swallowed from the earth!"/>
<parameter key="message_farewell" value="Farewell, |PLAYERNAME|, my child!"/>
<parameter key="message_idletimeout" value="Farewell, |PLAYERNAME|, my child!"/>
	</parameters>
</npc>
