<npc name="Falk" script="data/npc/scripts/Edron/Falk.lua" floorchange="0" walkinterval="1500" speed="100">
	<health now="100" max="100"/>
	<look type="131" head="76" body="11" legs="11" feet="76"/>
	<parameters>
<parameter key="message_greet" value="LONG LIVE KING TIBIANUS! Welcome to the isle of Edron!"/>
<parameter key="message_placedinqueue" value="Can't you see I am busy?!."/>
<parameter key="message_walkaway" value="What a lack of manners!"/>
<parameter key="message_farewell" value="LONG LIVE THE KING!"/>
<parameter key="message_idletimeout" value="LONG LIVE THE KING!"/>
	</parameters>
</npc>
