<npc name="Fenech" script="data/npc/scripts/Ankrahmun/Fenech.lua" floorchange="0" walkinterval="1500" speed="100">
	<health now="100" max="100"/>
	<look type="132" head="76" body="40" legs="49" feet="117"/>
	<parameters>
<parameter key="idletime" value="30"/>
<parameter key="message_greet" value="Be mourned pilgrim in flesh."/>
<parameter key="message_placedinqueue" value="Mourned |PLAYERNAME|, know that I am busy."/>
<parameter key="message_walkaway" value="May enlightenment be your path."/>
<parameter key="message_farewell" value="May enlightenment be your path."/>
<parameter key="message_idletimeout" value="May enlightenment be your path."/>

<parameter key="message_decline" value="Maybe next time."/>
<parameter key="message_needmoremoney" value="Come back, when you have enough money."/>
	</parameters>
</npc>
