<npc name="Grof, the guard" script="data/npc/scripts/Thais/Grof, the guard.lua" floorchange="0" walkinterval="1500" speed="100">
	<health now="100" max="100"/>
	<look type="131" head="19" body="19" legs="19" feet="19"/>
	<parameters>
<parameter key="message_greet" value="LONG LIVE THE KING!"/>
<parameter key="message_placedinqueue" value="Wait."/>
<parameter key="message_walkaway" value="LONG LIVE THE KING!"/>
<parameter key="message_farewell" value="LONG LIVE THE KING!"/>
<parameter key="message_idletimeout" value="LONG LIVE THE KING!"/>
	</parameters>
</npc>
