<npc name="Hagor" script="data/npc/scripts/Kazordoon/Hagor.lua" floorchange="0" walkinterval="1500" speed="100">
	<health now="100" max="100"/>
	<look type="129" head="19" body="58" legs="105" feet="94"/>
	<parameters>
<parameter key="idletime" value="60"/>
<parameter key="message_greet" value="Greetings, adventurer |PLAYERNAME|. What leads you to me?"/>
<parameter key="message_placedinqueue" value="One moment please, |PLAYERNAME|."/>
<parameter key="message_walkaway" value="Good bye."/>
<parameter key="message_farewell" value="Good bye."/>
<parameter key="message_idletimeout" value="Good bye."/>
	</parameters>
</npc>
