<npc name="Humphrey" script="data/npc/scripts/Carlin/Humphrey.lua" floorchange="0" walkinterval="1500" speed="100">
	<health now="100" max="100"/>
	<look type="133" head="0" body="96" legs="101" feet="76"/>
	<parameters>
<parameter key="idletime" value="30"/>
<parameter key="message_placedinqueue" value="Please wait a minute, |PLAYERNAME|."/>
<parameter key="message_walkaway" value="Remember: If you are heavily wounded, I will heal you."/>
<parameter key="message_farewell" value="Good bye, |PLAYERNAME|!"/>
<parameter key="message_idletimeout" value="Good bye, |PLAYERNAME|!"/>
	</parameters>
</npc>
