<npc name="Imalas" script="data/npc/scripts/Carlin/Imalas.lua" floorchange="0" walkinterval="1500" speed="100">
	<health now="100" max="100"/>
	<look type="128" head="115" body="10" legs="39" feet="114"/>
	<parameters>
<parameter key="idletime" value="30"/>
<parameter key="message_greet" value="Hello |PLAYERNAME|! What do you need?"/>
<parameter key="message_placedinqueue" value="Sorry |PLAYERNAME|, I am already talking to a customer. Please wait."/>
<parameter key="message_walkaway" value="Good bye."/>
<parameter key="message_farewell" value="Good bye."/>
<parameter key="message_idletimeout" value="Good bye."/>

<parameter key="message_decline" value="Hmm, but next time."/>
<parameter key="message_needmoremoney" value="Come back, when you have enough money."/>
	</parameters>
</npc>
