<npc name="Imbul" script="data/npc/scripts/Port Hope/Imbul.lua" floorchange="0" walkinterval="0" speed="0">
	<health now="100" max="100"/>
<look type="128" head="95" body="2" legs="63" feet="115"/>
	<parameters>
<parameter key="message_greet" value="Hi, |PLAYERNAME|."/>
<parameter key="message_placedinqueue" value="Please wait."/>
<parameter key="message_walkaway" value="Bye."/>
<parameter key="message_farewell" value="Bye."/>
<parameter key="message_idletimeout" value="Bye."/>
	</parameters>
</npc>
