<npc name="Isimov" script="data/npc/scripts/Kazordoon/Isimov.lua" floorchange="0" walkinterval="1500" speed="100">
	<health now="100" max="100"/>
	<look type="160" head="115" body="0" legs="19" feet="95"/>
	<parameters>
<parameter key="idletime" value="30"/>
<parameter key="message_greet" value="Hiho |PLAYERNAME| and greetings my child!"/>
<parameter key="message_placedinqueue" value="Please be patient, |PLAYERNAME|. I'll be with you in moment."/>
<parameter key="message_walkaway" value="No patience, no manners."/>
<parameter key="message_farewell" value="Take care, |PLAYERNAME|!"/>
<parameter key="message_idletimeout" value="Take care, |PLAYERNAME|!"/>
	</parameters>
</npc>
