<npc name="Iyad" script="data/npc/scripts/Svargrond/Iyad.lua" floorchange="0" walkinterval="1500" speed="100">
	<health now="100" max="100"/>
	<look type="130" head="96" body="2" legs="18" feet="75"/>
	<parameters>
<parameter key="message_greet" value="Ah, the wind brings in another visitor. Feel welcome |PLAYERNAME|."/>
<parameter key="message_placedinqueue" value="|PLAYERNAME|! Be calm as the eye of the storm, and your patience will be rewarded."/>
<parameter key="message_walkaway" value="See you later!"/>
<parameter key="message_farewell" value="See you later!"/>
<parameter key="message_idletimeout" value="See you later!"/>
	</parameters>
</npc>
