<npc name="Jakahr" script="data/npc/scripts/Ankrahmun/Jakahr.lua" floorchange="0" walkinterval="1500" speed="100">
	<health now="100" max="100"/>
	<look type="133" head="95" body="37" legs="32" feet="40"/>
	<parameters>
<parameter key="idletime" value="30"/>
<parameter key="message_greet" value="Hello, mourned pilgrim. How may I help you |PLAYERNAME|?"/>
<parameter key="message_placedinqueue" value="I am already talking to a customer, |PLAYERNAME|. Please wait a moment."/>
<parameter key="message_walkaway" value="It was an honour to serve you, |PLAYERNAME|."/>
<parameter key="message_farewell" value="It was an honour to serve you."/>
<parameter key="message_idletimeout" value="It was an honour to serve you."/>
	</parameters>
</npc>
