<npc name="James" script="data/npc/scripts/Edron/James.lua" floorchange="0" walkinterval="1500" speed="100">
	<health now="100" max="100"/>
	<look type="128" head="115" body="41" legs="45" feet="118"/>
	<parameters>
<parameter key="idletime" value="30"/>
<parameter key="message_greet" value="Hi there |PLAYERNAME|."/>
<parameter key="message_placedinqueue" value="Talking right now, |PLAYERNAME|. Wait a second."/>
<parameter key="message_walkaway" value="Bye."/>
<parameter key="message_farewell" value="Bye."/>
<parameter key="message_idletimeout" value="Bye."/>

<parameter key="message_decline" value="Maybe later."/>
<parameter key="message_needmoremoney" value="I am sorry, but you do not have enough copper."/>
	</parameters>
</npc>
