<npc name="Janz" script="data/npc/scripts/Svargrond/Janz.lua" floorchange="0" walkinterval="1500" speed="100">
	<health now="100" max="100"/>
	<look type="128" head="98" body="59" legs="106" feet="121"/>
	<parameters>
<parameter key="idletime" value="30"/>
<parameter key="message_placedinqueue" value="One moment, please. I got a customer here."/>
<parameter key="message_walkaway" value="Now where's he gone? I could have sworn..."/>
<parameter key="message_farewell" value="You'll come back. They all do."/>
<parameter key="message_idletimeout" value="You'll come back. They all do."/>
	</parameters>
</npc>
