<npc name="Jefrey" script="data/npc/scripts/Liberty Bay/Jefrey.lua" floorchange="0" walkinterval="1500" speed="100">
	<health now="100" max="100"/>
	<look type="130" head="117" body="80" legs="118" feet="77"/>
	<parameters>
<parameter key="idletime" value="30"/>
<parameter key="message_greet" value="Hello. How may I help you |PLAYERNAME|?"/>
<parameter key="message_placedinqueue" value="I am already talking to a customer, |PLAYERNAME|. Please wait a moment."/>
<parameter key="message_walkaway" value="It was a pleasure to help you |PLAYERNAME|."/>
<parameter key="message_farewell" value="It was a pleasure to help you."/>
<parameter key="message_idletimeout" value="It was a pleasure to help you."/>

<parameter key="message_decline" value="Ok."/>
	</parameters>
</npc>
