<npc name="Kjesse" script="data/npc/scripts/Svargrond/Kjesse.lua" floorchange="0" walkinterval="1500" speed="100">
	<health now="100" max="100"/>
	<look type="154" head="114" body="66" legs="1" feet="97"/>
	<parameters>
<parameter key="message_placedinqueue" value="Please wait a minute, |PLAYERNAME|."/>
<parameter key="message_walkaway" value="Remember: If you are heavily wounded or poisoned, I will heal you."/>
<parameter key="message_farewell" value="Good bye, |PLAYERNAME|!"/>
<parameter key="message_idletimeout" value="Good bye, |PLAYERNAME|!"/>
	</parameters>
</npc>
