<npc name="Lector" script="data/npc/scripts/Carlin/Lector.lua" floorchange="0" walkinterval="1500" speed="100">
	<health now="100" max="100"/>
	<look type="128" head="79" body="38" legs="0" feet="124"/>
	<parameters>
<parameter key="idletime" value="30"/>
<parameter key="message_greet" value="Welcome to my humble shop, |PLAYERNAME|."/>
<parameter key="message_placedinqueue" value="Just a minute, |PLAYERNAME|."/>
<parameter key="message_walkaway" value="Please come and buy again."/>
<parameter key="message_farewell" value="Please come and buy again."/>
<parameter key="message_idletimeout" value="Please come and buy again."/>

<parameter key="message_decline" value="Maybe later"/>
<parameter key="message_needmoremoney" value="I am sorry, but you do not have enough copper."/>
	</parameters>
</npc>
