<npc name="Lee'Delle" script="data/npc/scripts/Rookgaard/Lee'Delle.lua" floorchange="0" walkinterval="1500" speed="100">
	<health now="100" max="100"/>
	<look type="136" head="78" body="76" legs="72" feet="96"/>
	<parameters>
<parameter key="message_greet" value="Hello, hello, |PLAYERNAME|! Please come in, look, and buy!"/>
<parameter key="message_placedinqueue" value="Not now, not now, sorry |PLAYERNAME|. Please wait a moment."/>
<parameter key="message_walkaway" value="Bye, bye."/>
<parameter key="message_farewell" value="Bye, bye."/>
<parameter key="message_idletimeout" value="Bye, bye."/>

<parameter key="message_decline" value="Maybe next time."/>
<parameter key="message_nothaveitem" value="Sorry, you do not have this."/>
<parameter key="message_needmoremoney" value="Sorry, you do not have enough copper."/>
	</parameters>
</npc>
