<npc name="Liane" script="data/npc/scripts/Carlin/Liane.lua" floorchange="0" walkinterval="1500" speed="100">
	<health now="100" max="100"/>
	<look type="136" head="77" body="60" legs="79" feet="114"/>
	<parameters>
<parameter key="idletime" value="30"/>
<parameter key="message_greet" value="Hello |PLAYERNAME|. May I help you?"/>
<parameter key="message_placedinqueue" value="Please wait a minute, |PLAYERNAME|. I am busy."/>
<parameter key="message_walkaway" value="It was a pleasure to help you."/>
<parameter key="message_farewell" value="It was a pleasure to help you."/>
<parameter key="message_idletimeout" value="It was a pleasure to help you."/>
	</parameters>
</npc>
