<npc name="Lokur" script="data/npc/scripts/Kazordoon/Lokur.lua" floorchange="0" walkinterval="1500" speed="100">
	<health now="100" max="100"/>
	<look type="160" head="57" body="79" legs="98" feet="95"/>
	<parameters>
<parameter key="idletime" value="30"/>
<parameter key="message_greet" value="Hiho |PLAYERNAME|. May I help you?"/>
<parameter key="message_placedinqueue" value="Sorry |PLAYERNAME|, I am busy right now. One moment please."/>
<parameter key="message_walkaway" value="Come back if you need my services."/>
<parameter key="message_farewell" value="Come back if you need my services."/>
<parameter key="message_idletimeout" value="Come back if you need my services."/>
	</parameters>
</npc>
