<npc name="Lorbas" script="data/npc/scripts/Kazordoon/Lorbas.lua" floorchange="0" walkinterval="1500" speed="100">
	<health now="100" max="100"/>
	<look type="57" head="0" body="0" legs="0" feet="0"/>
	<parameters>
<parameter key="idletime" value="60"/>
<parameter key="message_greet" value="Be greeted, dear traveller."/>
<parameter key="message_placedinqueue" value="Please wait a moment, |PLAYERNAME|."/>
<parameter key="message_walkaway" value="Accept my sincere good wishes."/>
<parameter key="message_farewell" value="Accept my sincere good wishes."/>
<parameter key="message_idletimeout" value="Accept my sincere good wishes."/>
	</parameters>
</npc>
