<npc name="Lugri" script="data/npc/scripts/Thais/Lugri.lua" floorchange="0" walkinterval="1500" speed="100">
	<health now="100" max="100"/>
	<look type="9" head="0" body="0" legs="0" feet="0"/>
	<parameters>
<parameter key="idletime" value="30"/>
<parameter key="message_greet" value="What do you want, |PLAYERNAME|?"/>
<parameter key="message_placedinqueue" value="SILENCE!"/>
<parameter key="message_walkaway" value="May darkness be with you!"/>
<parameter key="message_farewell" value="Leave now, |PLAYERNAME|. The gods of darkness will watch your soul!"/>
<parameter key="message_idletimeout" value="Leave now, |PLAYERNAME|. The gods of darkness will watch your soul!"/>
	</parameters>
</npc>
