<npc name="Malor" script="data/npc/scripts/Ankrahmun/Malor.lua" floorchange="0" walkinterval="1500" speed="100">
	<health now="100" max="100"/>
	<look type="51" head="0" body="0" legs="0" feet="0"/>
	<parameters>
<parameter key="idletime" value="60"/>
<parameter key="message_walkaway" value="Farewell, human."/>
<parameter key="message_farewell" value="Farewell, human. When I have taken my rightful place I shall remember those who served me well. Even if they are only humans."/>
<parameter key="message_idletimeout" value="Farewell, human. When I have taken my rightful place I shall remember those who served me well. Even if they are only humans."/>
	</parameters>
</npc>
