<npc name="Marvik" script="data/npc/scripts/Thais/Marvik.lua" floorchange="0" walkinterval="1500" speed="100">
	<health now="100" max="100"/>
	<look type="130" head="0" body="101" legs="121" feet="95"/>
	<parameters>
<parameter key="idletime" value="60"/>
<parameter key="message_placedinqueue" value="Please wait a moment, |PLAYERNAME|."/>
<parameter key="message_walkaway" value="Farewell."/>
<parameter key="message_farewell" value="Farewell."/>
<parameter key="message_idletimeout" value="Farewell."/>
	</parameters>
</npc>
