<npc name="Maryza" script="data/npc/scripts/Kazordoon/Maryza.lua" floorchange="0" walkinterval="1500" speed="100">
	<health now="100" max="100"/>
	<look type="160" head="60" body="110" legs="58" feet="76"/>
	<parameters>
<parameter key="idletime" value="30"/>
<parameter key="message_placedinqueue" value="Shut up |PLAYERNAME|. Busy. You wait!"/>
<parameter key="message_walkaway" value="HEY! You lousy....!"/>
<parameter key="message_idletimeout" value="Yeah, bye"/>
<parameter key="message_farewell" value="Yeah, bye"/>


<parameter key="message_needmoremoney" value="No gold, no sale, that's it."/>
	</parameters>
</npc>
