<npc name="Memech" script="data/npc/scripts/Ankrahmun/Memech.lua" floorchange="0" walkinterval="1500" speed="100">
	<health now="100" max="100"/>
	<look type="131" head="21" body="21" legs="40" feet="116"/>
	<parameters>
<parameter key="idletime" value="30"/>
<parameter key="message_greet" value="Be mourned pilgrim in flesh."/>
<parameter key="message_placedinqueue" value="Mourned %N, know that I am busy."/>
<parameter key="message_walkaway" value="Taken away by the hands of time."/>
<parameter key="message_farewell" value="May enlightenment be your path."/>
<parameter key="message_idletimeout" value="May enlightenment be your path."/>

<parameter key="message_decline" value="Maybe another time."/>
<parameter key="message_nothaveitem" value="Sorry, you do not have so much."/>
<parameter key="message_needmoremoney" value="Sorry, you do not have enough copper."/>
	</parameters>
</npc>
