<npc name="Morun" script="data/npc/scripts/Darashia/Morun guard.lua" floorchange="0" walkinterval="1500" speed="100">
	<health now="100" max="100"/>
	<look type="129" head="95" body="5" legs="26" feet="76"/>
	<parameters>
<parameter key="message_greet" value="LONG LIVE THE KING!"/>
<parameter key="message_placedinqueue" value="Wait."/>
<parameter key="message_walkaway" value="LONG LIVE THE KING!"/>
<parameter key="message_farewell" value="LONG LIVE THE KING!"/>
<parameter key="message_idletimeout" value="LONG LIVE THE KING!"/>
	</parameters>
</npc>
