<npc name="Mugluf" script="data/npc/scripts/Darashia/Mugluf.lua" floorchange="0" walkinterval="0" speed="0">
	<health now="100" max="100"/>
	<look type="128" head="95" body="0" legs="0" feet="96"/>
	<parameters>
<parameter key="idletime" value="30"/>
<parameter key="message_greet" value="Greetings |PLAYERNAME|, seeker of delicacies."/>
<parameter key="message_placedinqueue" value="I will talk to you as soon as I finished this deal, |PLAYERNAME|."/>
<parameter key="message_walkaway" value="May Daraman's wisdom enlighten your soul."/>
<parameter key="message_farewell" value="May Daraman's wisdom enlighten your soul."/>
<parameter key="message_idletimeout" value="May Daraman's wisdom enlighten your soul."/>

<parameter key="message_decline" value="Maybe later."/>
<parameter key="message_needmoremoney" value="I am sorry, but you do not have enough copper."/>
	</parameters>
</npc>
