<npc name="Muzir" script="data/npc/scripts/Darashia/Muzir.lua" floorchange="0" walkinterval="1500" speed="100">
	<health now="100" max="100"/>
	<look type="128" head="95" body="4" legs="11" feet="76"/>
	<parameters>
<parameter key="idletime" value="30"/>
<parameter key="message_greet" value="Welcome |PLAYERNAME|! Daraman's blessings."/>
<parameter key="message_placedinqueue" value="Sorry |PLAYERNAME|, I am busy. Please wait for your turn."/>
<parameter key="message_walkaway" value="Daraman's blessings."/>
<parameter key="message_farewell" value="Daraman's blessings."/>
<parameter key="message_idletimeout" value="Daraman's blessings."/>
	</parameters>
</npc>
