<npc name="Myra" script="data/npc/scripts/Port Hope/Myra.lua" floorchange="0" walkinterval="0" speed="0">
	<health now="100" max="100"/>
	<look type="140" head="115" body="0" legs="19" feet="95"/>
	<parameters>
<parameter key="idletime" value="60"/>
<parameter key="message_greet" value="Greetings."/>
<parameter key="message_placedinqueue" value="Sorry, not now."/>
<parameter key="message_walkaway" value="Farewell."/>
<parameter key="message_farewell" value="Farewell."/>
<parameter key="message_idletimeout" value="Farewell."/>
	</parameters>
</npc>
