<npc name="Nelly" script="data/npc/scripts/Svargrond/Nelly.lua" floorchange="0" walkinterval="1500" speed="100">
	<health now="100" max="100"/>
	<look type="138" head="114" body="64" legs="1" feet="95"/>
	<parameters>
<parameter key="idletime" value="30"/>
<parameter key="message_greet" value="hello, |PLAYERNAME|. What do you need?"/>
<parameter key="message_placedinqueue" value="Sorry |PLAYERNAME|, I'm with you in a minute!"/>
<parameter key="message_walkaway" value="Good bye."/>
<parameter key="message_farewell" value="Good bye."/>
<parameter key="message_idletimeout" value="Good bye."/>

<parameter key="message_decline" value="Maybe next time."/>
<parameter key="message_nothaveitem" value="Sorry, you do not have that many."/>
<parameter key="message_needmoremoney" value="Come back, when you have enough money."/>
	</parameters>
</npc>
