<npc name="Nelliem" script="data/npc/scripts/Venore/Nelliem.lua" floorchange="0" walkinterval="1500" speed="100">
	<health now="100" max="100"/>
	<look type="160" head="115" body="100" legs="105" feet="76"/>
	<parameters>
<parameter key="idletime" value="30"/>
<parameter key="message_greet" value="Greetings, |PLAYERNAME|, traveller from afar..."/>
<parameter key="message_placedinqueue" value="Hold on, |PLAYERNAME|, I am busy. Just stand in the line."/>
<parameter key="message_walkaway" value="Go...! Learn the secret to green thumbs and may Crunor be good to you..."/>
<parameter key="message_farewell" value="Go...! Learn the secret to green thumbs and may Crunor be good to you..."/>
<parameter key="message_idletimeout" value="Go...! Learn the secret to green thumbs and may Crunor be good to you..."/>

<parameter key="message_decline" value="Then not."/>
<parameter key="message_needmoremoney" value="No money, no deal!"/>
	</parameters>
</npc>
