<npc name="Nezil" script="data/npc/scripts/Kazordoon/Nezil.lua" floorchange="0" walkinterval="1500" speed="100">
	<health now="100" max="100"/>
	<look type="160" head="115" body="78" legs="116" feet="57"/>
	<parameters>
<parameter key="idletime" value="30"/>
<parameter key="message_greet" value="Hiho |PLAYERNAME|, Nezil at your service."/>
<parameter key="message_placedinqueue" value="Hey |PLAYERNAME|, I am busy. Stand in line."/>
<parameter key="message_walkaway" value="Good bye."/>
<parameter key="message_farewell" value="Good bye."/>
<parameter key="message_idletimeout" value="Good bye."/>

<parameter key="message_decline" value="Then not."/>
<parameter key="message_needmoremoney" value="Nice joke, pauper!"/>
	</parameters>
</npc>
