<npc name="Norf" script="data/npc/scripts/Thais/Norf.lua" floorchange="0" walkinterval="1500" speed="100">
	<health now="100" max="100"/>
	<look type="57" head="0" body="0" legs="0" feet="0"/>
	<parameters>
<parameter key="idletime" value="30"/>
<parameter key="message_greet" value="Welcome, Pilgrim."/>
<parameter key="message_placedinqueue" value="Please wait a minute, |PLAYERNAME|."/>
<parameter key="message_walkaway" value="Remember: If you are heavily wounded or poisoned, I will heal you."/>
<parameter key="message_farewell" value="Good bye, |PLAYERNAME|!"/>
<parameter key="message_idletimeout" value="Good bye, |PLAYERNAME|!"/>
	</parameters>
</npc>