<npc name="Odemara" script="data/npc/scripts/Venore/Odemara.lua" floorchange="0" walkinterval="1500" speed="100">
	<health now="100" max="100"/>
	<look type="138" head="22" body="99" legs="5" feet="76"/>
	<parameters>
<parameter key="idletime" value="30"/>
<parameter key="message_greet" value="Be greeted, dear |PLAYERNAME|. Have a look at our offers."/>
<parameter key="message_placedinqueue" value="I am deeply sorry, dear |PLAYERNAME|, but I am busy with a customer. Please wait a moment."/>
<parameter key="message_walkaway" value="Farewell."/>
<parameter key="message_farewell" value="Farewell."/>
<parameter key="message_idletimeout" value="Farewell."/>

<parameter key="message_decline" value="Too bad, perhaps we can trade on the next occasion you visit us."/>
<parameter key="message_nothaveitem" value="Sorry, you do not have so many."/>
<parameter key="message_needmoremoney" value="I am sorry, but you don't have enough money."/>
	</parameters>
</npc>
