<npc name="Old Adall" script="data/npc/scripts/Port Hope/Old Adall.lua" floorchange="0" walkinterval="1500" speed="100">
	<health now="100" max="100"/>
	<look type="130" head="95" body="26" legs="115" feet="76"/>
	<parameters>
<parameter key="message_greet" value="Hi, |PLAYERNAME|."/>
<parameter key="message_placedinqueue" value="Wait please."/>
<parameter key="message_walkaway" value="Bye."/>
<parameter key="message_farewell" value="Bye."/>
<parameter key="message_idletimeout" value="Bye."/>
	</parameters>
</npc>
