<?xml version="1.0"?>
<npc name="Oldrak" script="data/npc/scripts/Kazordoon/Oldrak.lua" floorchange="0" walkinterval="1500" speed="100">
	<health now="150" max="150"/>
	<look type="57" head="0" body="0" legs="0" feet="0"/>
	<parameters>
<parameter key="idletime" value="30"/>
<parameter key="message_greet" value="Welcome |PLAYERNAME|! Rarely I can welcome visitors in these days."/>
<parameter key="message_placedinqueue" value="Please wait a minute, |PLAYERNAME|."/>
<parameter key="message_walkaway" value="Take care, it's dangerous out there."/>
<parameter key="message_farewell" value="Good bye, |PLAYERNAME|!"/>
<parameter key="message_idletimeout" value="Good bye, |PLAYERNAME|!"/>
	</parameters>
</npc>