<npc name="Ormuhn" script="data/npc/scripts/Ankrahmun/Ormuhn.lua" floorchange="0" walkinterval="1500" speed="100">
	<health now="100" max="100"/>
	<look type="18" head="0" body="0" legs="0" feet="0"/>
	<parameters>
<parameter key="idletime" value="30"/>
<parameter key="message_greet" value="Be mourned pilgrim in flesh."/>
<parameter key="message_placedinqueue" value="Mourned |PLAYERNAME|, know that I am busy."/>
<parameter key="message_walkaway" value="May enlightenment be your path."/>
<parameter key="message_farewell" value="May enlightenment be your path."/>
<parameter key="message_idletimeout" value="May enlightenment be your path."/>
	</parameters>
</npc>
