<npc name="Oswald" script="data/npc/scripts/Thais/Oswald.lua" floorchange="0" walkinterval="1500" speed="100">
	<health now="100" max="100"/>
	<look type="128" head="115" body="0" legs="67" feet="114"/>
	<parameters>
<parameter key="idletime" value="30"/>
<parameter key="message_greet" value="Oh, hello |PLAYERNAME|. What is it?"/>
<parameter key="message_placedinqueue" value="Be patient, draw a number, |PLAYERNAME|."/>
<parameter key="message_walkaway" value="Good bye, and don't come back too soon."/>
<parameter key="message_farewell" value="Finally!"/>
<parameter key="message_idletimeout" value="Good bye, and don't come back too soon."/>
	</parameters>
</npc>
