<npc name="Partos" script="data/npc/scripts/Thais/Partos.lua" floorchange="0" walkinterval="1500" speed="100">
	<health now="100" max="100"/>
	<look type="128" head="116" body="56" legs="95" feet="122"/>
	<parameters>
<parameter key="idletime" value="60"/>
<parameter key="message_greet" value="Welcome to my little kingdom, |PLAYERNAME|."/>
<parameter key="message_placedinqueue" value="Wait |PLAYERNAME|, don't go away, I am ready soon and don't get visitors often."/>
<parameter key="message_walkaway" value="I wish I could do that, too."/>
<parameter key="message_farewell" value="Good bye, visit me again. I will be here, promised."/>
<parameter key="message_idletimeout" value="Good bye, visit me again. I will be here, promised."/>
	</parameters>
</npc>
