<npc name="Pino" script="data/npc/scripts/Edron/Pino.lua" floorchange="0" walkinterval="1500" speed="100">
	<health now="100" max="100"/>
	<look type="128" head="115" body="0" legs="67" feet="114"/>
	<parameters>
<parameter key="idletime" value="30"/>
<parameter key="message_greet" value="Greetings, traveller |PLAYERNAME|."/>
<parameter key="message_placedinqueue" value="Please wait, |PLAYERNAME|."/>
<parameter key="message_walkaway" value="Good bye!"/>
<parameter key="message_farewell" value="Good bye!"/>
<parameter key="message_idletimeout" value="Good bye!"/>
	</parameters>
</npc>
