<?xml version="1.0"?>
<npc name="Queen Eloise" script="data/npc/scripts/Carlin/Queen Eloise.lua" floorchange="0" walkinterval="1500" speed="100">
	<health now="100" max="100"/>
	<look type="138" head="96" body="94" legs="79" feet="115"/>
	<parameters>
<parameter key="idletime" value="30"/>
<parameter key="message_walkaway" value="Typical behaviour for males!"/>
<parameter key="message_farewell" value="Farewell, |PLAYERNAME|!"/>
<parameter key="message_idletimeout" value="Farewell, |PLAYERNAME|!"/>
	</parameters>
</npc>
