<npc name="Ray" script="data/npc/scripts/Port Hope/Ray.lua" floorchange="0" walkinterval="0" speed="0">
	<health now="100" max="100"/>
	<look type="128" head="10" body="96" legs="106" feet="115"/>
	<parameters>
<parameter key="idletime" value="30"/>
<parameter key="message_greet" value="Greetings, |PLAYERNAME|."/>
<parameter key="message_placedinqueue" value="Please wait a moment, |PLAYERNAME|."/>
<parameter key="message_walkaway" value="I hope to see you back soon."/>
<parameter key="message_farewell" value="I hope to see you back soon."/>
<parameter key="message_idletimeout" value="I hope to see you back soon."/>
	</parameters>
</npc>
