<npc name="Robin" script="data/npc/scripts/Thais/Robin.lua" floorchange="0" walkinterval="1500" speed="100">
	<health now="100" max="100"/>
	<look type="129" head="77" body="118" legs="118" feet="115"/>
	<parameters>
<parameter key="idletime" value="30"/>
<parameter key="message_greet" value="Ah, a visitor. Greetings |PLAYERNAME|!"/>
<parameter key="message_placedinqueue" value="Learn some patience |PLAYERNAME|."/>
<parameter key="message_walkaway" value="Farewell."/>
<parameter key="message_farewell" value="Farewell."/>
<parameter key="message_idletimeout" value="Farewell."/>
	</parameters>
</npc>
