<npc name="Roderick" script="data/npc/scripts/Ab'Dendriel/Roderick.lua" floorchange="0" walkinterval="1500" speed="100">
	<health now="100" max="100"/>
	<look type="130" head="38" body="129" legs="129" feet="19"/>
	<parameters>
<parameter key="idletime" value="30"/>
<parameter key="message_greet" value="Salutations |PLAYERNAME|."/>
<parameter key="message_placedinqueue" value="Wait |PLAYERNAME|!"/>
<parameter key="message_walkaway" value="Farewell."/>
<parameter key="message_farewell" value="Farewell."/>
<parameter key="message_idletimeout" value="Farewell."/>
	</parameters>
</npc>
