<npc name="Rodney" script="data/npc/scripts/Venore/Rodney.lua" floorchange="0" walkinterval="1500" speed="100">
	<health now="100" max="100"/>
	<look type="128" head="95" body="100" legs="116" feet="76"/>
	<parameters>
<parameter key="idletime" value="30"/>
<parameter key="message_greet" value="Greetings, |PLAYERNAME|. Can I help you?"/>
<parameter key="message_placedinqueue" value="Just a moment, |PLAYERNAME|."/>
<parameter key="message_walkaway" value="Good bye, |PLAYERNAME|."/>
<parameter key="message_farewell" value="Good bye, |PLAYERNAME|."/>
<parameter key="message_idletimeout" value="Good bye, |PLAYERNAME|."/>

<parameter key="message_decline" value="Too bad."/>
<parameter key="message_needmoremoney" value="I'm sorry, you are out of funds."/>
	</parameters>
</npc>
