<npc name="Romella" script="data/npc/scripts/Venore/Romella.lua" floorchange="0" walkinterval="1500" speed="100">
	<health now="100" max="100"/>
	<look type="139" head="79" body="39" legs="77" feet="115"/>
	<parameters>
<parameter key="idletime" value="30"/>
<parameter key="message_greet" value="I welcome thee, |PLAYERNAME|!"/>
<parameter key="message_placedinqueue" value="Just one more moment please, |PLAYERNAME|."/>
<parameter key="message_walkaway" value="Goodbye and please bring more copper next time (chuckles). I mean, it would be nice to see you again."/>
<parameter key="message_farewell" value="Goodbye and please bring more copper next time (chuckles). I mean, it would be nice to see you again."/>
<parameter key="message_idletimeout" value="Goodbye and please bring more copper next time (chuckles). I mean, it would be nice to see you again."/>

<parameter key="message_decline" value="Maybe next time."/>
<parameter key="message_nothaveitem" value="Sorry, you do not have so many."/>
<parameter key="message_needmoremoney" value="Sorry, you do not have enough copper."/>
	</parameters>
</npc>
