<npc name="Rudolph" script="data/npc/scripts/Edron/Rudolph.lua" floorchange="0" walkinterval="1500" speed="100">
	<health now="100" max="100"/>
	<look type="128" head="41" body="29" legs="78" feet="76"/>
	<parameters>
<parameter key="idletime" value="30"/>
<parameter key="message_greet" value="Oh, a customer. Hello |PLAYERNAME|."/>
<parameter key="message_placedinqueue" value="Oh, so wait a little, |PLAYERNAME|."/>
<parameter key="message_walkaway" value="Oh, good bye."/>
<parameter key="message_farewell" value="Oh, good bye."/>
<parameter key="message_idletimeout" value="good bye."/>

<parameter key="message_decline" value="Oh, but next time."/>
<parameter key="message_needmoremoney" value="Oh, you do not have enough money."/>
	</parameters>
</npc>
