<npc name="Sandro, the guard" script="data/npc/scripts/Vangloria/Sandro, the guard.lua" floorchange="0" walkinterval="1500" speed="100">
	<health now="100" max="100"/>
	<look type="131" head="79" body="79" legs="79" feet="79"/>
	<parameters>
<parameter key="message_greet" value="LONG LIVE THE KING!"/>
<parameter key="message_placedinqueue" value="Wait."/>
<parameter key="message_walkaway" value="LONG LIVE THE KING!"/>
<parameter key="message_farewell" value="LONG LIVE THE KING!"/>
<parameter key="message_idletimeout" value="LONG LIVE THE KING!"/>
	</parameters>
</npc>
