<?xml version="1.0" encoding="UTF-8"?> 
<npc name="Santa Claus" script="data/npc/scripts/santa.lua" walkinterval="2000" floorchange="0"> 
    <health now="100" max="100"/> 
	<look type="160" head="0" body="112" legs="93" feet="95"/>
	<parameters>
<parameter key="idletime" value="30"/>
<parameter key="message_greet" value="HO HO HO! Come here and sit on my knee, |PLAYERNAME|"/>
<parameter key="message_placedinqueue" value="Please wait a minute, |PLAYERNAME|."/>
<parameter key="message_walkaway" value="Good bye, |PLAYERNAME|!"/>
<parameter key="message_farewell" value="Good bye, |PLAYERNAME|!"/>
<parameter key="message_idletimeout" value="Good bye, |PLAYERNAME|!"/>
	</parameters>
</npc>