<npc name="Sarina" script="data/npc/scripts/Carlin/Sarina.lua" floorchange="0" walkinterval="1500" speed="100">
	<health now="100" max="100"/>
	<look type="136" head="41" body="72" legs="95" feet="96"/>
	<parameters>
<parameter key="idletime" value="30"/>
<parameter key="message_greet" value="Oh, please come in, |PLAYERNAME|. What can I do for you?"/>
<parameter key="message_placedinqueue" value="Sorry |PLAYERNAME|, I am talking to a customer. Please stand in line."/>
<parameter key="message_walkaway" value="Good bye."/>
<parameter key="message_farewell" value="Good bye."/>
<parameter key="message_idletimeout" value="Good bye."/>

<parameter key="message_decline" value="Hmm, but next time."/>
<parameter key="message_needmoremoney" value="Come back, when you have enough money."/>
	</parameters>
</npc>
